INSERT INTO `host` VALUES (520000,NULL,NULL,NULL,NULL,NULL,NULL,NULL,'host;pointvirgule','hostaliaspointvirgule','127.0.0.1',NULL,NULL,NULL,NULL,'2','2',NULL,NULL,NULL,'2',NULL,'2',NULL,NULL,'2',NULL,NULL,NULL,NULL,NULL,NULL,NULL,'2',0,0,NULL,NULL,NULL,NULL,NULL,NULL,NULL,NULL,0,'1','1'),(521000,NULL,NULL,NULL,NULL,NULL,NULL,NULL,'hosttemplate;pointvirgule','hosttemplatealias;pointvirgule',NULL,NULL,NULL,NULL,NULL,'2','2',NULL,NULL,NULL,'2',NULL,'2',NULL,NULL,'2',NULL,NULL,NULL,NULL,NULL,NULL,NULL,'2',0,0,NULL,NULL,NULL,NULL,NULL,NULL,NULL,NULL,0,'0','1'),(522000,NULL,NULL,NULL,NULL,NULL,NULL,NULL,'host2;pointvirgule','host2aliaspointvirgule','127.0.0.2',NULL,NULL,NULL,NULL,'2','2',NULL,NULL,NULL,'2',NULL,'2',NULL,NULL,'2',NULL,NULL,NULL,NULL,NULL,NULL,NULL,'2',0,0,NULL,NULL,NULL,NULL,NULL,NULL,NULL,NULL,0,'1','1');
INSERT INTO `host_template_relation` VALUES (520000,521000,0),(522000,521000,0);
INSERT INTO `hostcategories` VALUES (220000,'hostcategory;pointvirgule','hostcategoryalias;pointvigule',NULL,NULL,NULL,'1');
INSERT INTO `hostcategories_relation` VALUES (220000,520000),(220000,521000);
INSERT INTO `hostgroup` (hg_id, hg_name, hg_alias, hg_icon_image, geo_coords, hg_comment, hg_activate) VALUES (512000,'hostgroup;pointvirgule','hostgreoupealias;pointvirgule',NULL,NULL,NULL,'1');
INSERT INTO `hostgroup_relation` VALUES (513669,512000,520000),(513670,512000,522000);
INSERT INTO `service` VALUES (514800,1,NULL,NULL,NULL,NULL,'service;pointvirgule',NULL,NULL,'2',NULL,NULL,NULL,'2','2',NULL,'2','2','2',NULL,'2',NULL,NULL,'2','2','2','2',NULL,NULL,NULL,'2',0,0,'1','0',NULL,NULL,NULL,NULL,NULL,NULL,NULL,0,'1','1'),(514900,1,NULL,NULL,NULL,NULL,'servicename;pointvirgule','service;pointvirgule',NULL,'2',NULL,NULL,NULL,'2','2',NULL,'2','2','2',NULL,'2',NULL,NULL,'2','2','2','2',NULL,NULL,NULL,'2',0,0,'1',NULL,NULL,NULL,NULL,NULL,NULL,'','',0,'0','1'),(515000,514900,NULL,NULL,NULL,NULL,'servicehosthgroup;pointvirgule',NULL,NULL,'2',NULL,NULL,NULL,'2','2',NULL,'2','2','2',NULL,'2',NULL,NULL,'2','2','2','2',NULL,NULL,NULL,'2',0,0,'1','0',NULL,NULL,NULL,NULL,NULL,NULL,NULL,0,'1','1'),(515100,514900,NULL,NULL,NULL,NULL,'servicebyhost;pointvirgule',NULL,NULL,'2',NULL,NULL,NULL,'2','2',NULL,'2','2','2',NULL,'2',NULL,NULL,'2','2','2','2',NULL,NULL,NULL,'2',0,0,'1','0',NULL,NULL,NULL,NULL,NULL,NULL,NULL,0,'1','1'),(515200,514900,NULL,NULL,NULL,NULL,'service;pointvirgule',NULL,NULL,'2',NULL,NULL,NULL,'2','2',NULL,'2','2','2',NULL,'2',NULL,NULL,'2','2','2','2',NULL,NULL,NULL,'2',0,0,'1',NULL,NULL,NULL,NULL,NULL,NULL,NULL,NULL,0,'1','1');
INSERT INTO `host_service_relation` VALUES (555554,NULL,520000,NULL,514800),(555555,NULL,521000,NULL,514900),(555556,512000,NULL,NULL,515000),(555557,NULL,520000,NULL,515100),(555558,NULL,522000,NULL,515200);
INSERT INTO `service_categories` VALUES (535000,'categorie;pointvirgule','categoriedescription;poinvirgule',NULL,NULL,'1');
INSERT INTO `service_categories_relation` VALUES (500158,514900,535000);
INSERT INTO `servicegroup` VALUES (610000,'servicegroup;pointvirgule','servicegroupdescription;pointvirgule',NULL,NULL,'1');
INSERT INTO `servicegroup_relation` VALUES (507979,NULL,512000,515000,610000),(507980,520000,NULL,515100,610000);
